Company name,Website,Company type,Emails,Phones,Location,About
Avante Oposiciones,https://www.avanteoposiciones.com/,Oposiciones,info@avanteoposiciones.com,91 473 04 57; 616 905 032,"Madrid, Comunidad de Madrid","Academia de oposiciones en Madrid, con aula virtual y clases que se pueden seguir por streaming."
Grafton Formación,https://grafton.es/,Oposiciones,grafton@grafton.es,(+34) 91.877.12.25; (+34) 91.295.85.96; (+34) 91.527.73.08,"Getafe, Comunidad de Madrid","Centro de oposiciones online en Getafe, con clases en directo por videoconferencia y campus virtual."
CN Formación,https://oposicionesacademia.es/,Oposiciones,info@oposicionesacademia.es; cn@oposicionesacademia.es,910 56 95 55; 696 28 39 33; 918026179; 686340660,"Madrid, Comunidad de Madrid","Academia de oposiciones en Madrid y Alcalá de Henares, con aula virtual y clases por videoconferencia en directo."
Academia Nuevo Futuro,https://academianuevofuturo.com/,Colegios y centros,academianuevofuturo@gmail.com,+34 661 97 80 40; +34 680 83 29 28; +34 629 28 30 85; +34 655 86 36 27,"Madrid, Comunidad de Madrid","Academia de ESO, bachillerato y selectividad en Madrid, con modalidad presencial u online."
Academia Osorio,https://academiaosorio.com/,Colegios y centros,,644 240 681,"Madrid, Comunidad de Madrid","Academia de bachillerato y selectividad en Granada, Madrid y Málaga, con clases online en directo por Zoom y aula virtual."
Seif English,https://idiomasseif.com/,Idiomas,cursos@seifenglish.com,,"Madrid, Comunidad de Madrid","Academia de inglés para adultos en Madrid, con cursos presenciales en Gran Vía y online en directo."
Cambridge House,https://www.cambridge-house.com/,Idiomas,online@cambridge-house.com,915 281 335; 915 194 603; 913 771 179; 917 313 695; 917 708 706; 630 82 30 36,"Madrid, Comunidad de Madrid","Academia de inglés en Madrid, con clases online en minigrupos y escuela de inglés online."
CETUC,https://cetuc.cat/,Colegios y centros,cetuc@cetuc.cat,933 009 879; 930 079 059,"Barcelona, Cataluña","Academia en Barcelona, en el Clot, de selectividad y ESO, con clases en directo por Google Meet y campus virtual."
Formació Miró,https://www.formaciomiro.com/,Colegios y centros,bcn@formaciomiro.com; lleida@formaciomiro.com,931 600 157; 639 610 441,"Barcelona, Cataluña","Academia de selectividad en Barcelona y Lleida, con curso de selectividad online y plataforma."
Diagonal English,https://diagonalenglish.com/,Idiomas,info@diagonalenglish.com,652 358 600,"Barcelona, Cataluña","Academia de inglés en Barcelona, con clases online en vivo y en directo y campus virtual."
CECAC,https://www.cecac.cat/,FP,info@cecac.cat,933 336 750,"Barcelona, Cataluña","Centro de FP en Barcelona, con campus virtual y ciclos formativos online."
AIP Language Institute,https://www.aipidiomas.es/,Idiomas,info@aipidiomas.es; idiomas@aipidiomas.es,963 391 566,"Valencia, Comunidad Valenciana","Academia de idiomas en Valencia, con clases en directo, también en la escuela."
Let's Talk,https://www.letstalk.es/,Idiomas,hello@letstalk.es,960 000 130,"Valencia, Comunidad Valenciana","Academia de inglés en Valencia, presencial y online, con aula virtual."
UI Formación,https://uiformacion.com/,Idiomas,hola@uiformacion.com,960 25 85 41; +34 650 22 70 15,"Valencia, Comunidad Valenciana","Academia de inglés en Valencia, con clases presenciales y online en directo."
CFA,https://cfalvaro.com/,Colegios y centros,info@cfalvaro.com,,"Valencia, Comunidad Valenciana","Academia de selectividad en Valencia, con clases online en directo que quedan grabadas y plataforma propia."
La Llibreta,https://academialallibreta.es/,Colegios y centros,secretaria@academialallibreta.es,666 875 860,"Valencia, Comunidad Valenciana","Academia de selectividad y pruebas de acceso en Valencia, con aula virtual y clases online en directo."
Rodrigo Giorgeta,https://rodrigogiorgeta.com/,FP,fp@rodrigogiorgeta.com,963 80 35 57,"Valencia, Comunidad Valenciana","Centro de formación profesional en Valencia, con FP online y campus virtual."
CIDE,https://cidesevilla.com/,Colegios y centros,info@cidesevilla.com,640 10 66 06,"Dos Hermanas, Andalucía","Academia en Dos Hermanas de refuerzo y selectividad, con clases online."
Academia Méndez Núñez,https://academiamn.com/,Colegios y centros,academiamns@gmail.com,954 225 225,"Sevilla, Andalucía","Academia en Sevilla de ESO y bachillerato, con clases online desde cualquier punto de España."
Fundación Sopeña Online,https://sopenaonline.org/,FP,fponline@sopenafundacion.org,654771769,"Sevilla, Andalucía","Centro de FP a distancia, con aula virtual y ciclos online."
Academia Jesús Ayala,https://www.academiajesusayala.com/,Oposiciones,info@academiajesusayala.com,952 319 618; 649 214 570,"Málaga, Andalucía","Academia de oposiciones en Málaga, con campus virtual y clases online."
Babel Idiomas,https://babelidiomas.es/,Idiomas,recepcion@babelidiomas.com,952 60 84 87; 633 15 66 08,"Málaga, Andalucía","Academia de inglés en Málaga, con clases online en directo por Zoom."
St. George,https://stgeorgesacademy.es/,Idiomas,academy@stgeorgesacademy.es; leioa@stgeorgesacademy.es,944 77 29 89,"Bilbao, País Vasco","Academia de inglés en Bilbao, con clases online."
MPS Oposiciones,https://mpsoposiciones.com/,Oposiciones,info@mpsoposiciones.com,976 011 445,"Zaragoza, Aragón","Preparador de oposiciones en Zaragoza, con aula virtual para ver las clases y el material."
Cierzo Formación,https://cierzoformacion.com/,Oposiciones,hola@cierzoformacion.com,876 26 93 66,"Zaragoza, Aragón","Academia de oposiciones en Zaragoza, con campus virtual."
English On The Corner,https://englishonthecorner.com/,Idiomas,info@englishonthecorner.com,976 91 91 22,"Zaragoza, Aragón","Academia de inglés en Zaragoza, con clases online y opción presencial."
Centro de Estudios Ayala,https://academiaayala.net/,Colegios y centros,info@academiaayala.net,976 228 945,"Zaragoza, Aragón","Centro de estudios en Zaragoza de acceso a la universidad, con aula virtual."
Océano Atlántico,https://fp.oceanoatlantico.org/,FP,hola@fpoceano.com,976 10 64 51,"Zaragoza, Aragón","Centro de FP en Zaragoza, con ciclos online y presenciales."
ALC Formación,https://alcformacion.com/,Oposiciones,info@alcformacion.com,968022855; 627223231,"Murcia, Región de Murcia","Academia de oposiciones en Murcia, con aula virtual y clases en directo."
Dominic Idiomas,https://dominicidiomas.com/,Idiomas,info@dominicidiomas.com,968 222 468,"Murcia, Región de Murcia","Academia de inglés en Murcia, con grupos presenciales y online en directo."
Academia Alba,https://academia-murcia.es/,Colegios y centros,info@academiaalba.es,968 71 56 09; 686 629 520,"Murcia, Región de Murcia","Centro de formación en Murcia de ESO, bachillerato y selectividad, con clases online y plataforma."
Instituto Superior de FP San Antonio,https://fpsanantonio.com/,FP,info@fpsanantonio.com,968 27 88 48,"Murcia, Región de Murcia","Instituto de FP en Murcia, con aula virtual."
Opositando,https://opositando.info/,Oposiciones,opositando.info@gmail.com; contacto@opositando.info,+34 682 933 542,"A Coruña, Galicia","Academia de oposiciones en A Coruña, online y presencial, con aula virtual."
King's Road School of English,https://kingsroadschoolofenglish.com/,Idiomas,info@kingsroadschoolofenglish.com,622 548 273,"A Coruña, Galicia","Academia de inglés en A Coruña, con clases online o presenciales."
Chíos Formación,https://chiosformacion.es/,FP,info@chiosformacion.es,881 87 24 97; 622 43 94 86,"A Coruña, Galicia","Centro de formación profesional en A Coruña, con FP online y presencial y aula virtual."
Cesforem,https://cesforem.es/,FP,,981 914 862,"A Coruña, Galicia","Centro de FP en A Coruña y Vigo, con ciclos presenciales y online y campus online."
ALPE Formación,https://alpeformacion.es/,Oposiciones,alpe@alpeformacion.es,942 22 89 09,"Santander, Cantabria","Academia de oposiciones y formación en Santander, con aula virtual y campus virtual."
Uptown Language Academy,https://academiauptown.com/,Idiomas,info@academiauptown.com,942 030 743; 601 297 465,"Santander, Cantabria","Academia de inglés en Santander, con clases en directo por Google Meet."
Kells School,https://kells-school.com/,Idiomas,info@kells-school.com,942 318 860,"Santander, Cantabria","Academia de inglés en Santander, con clases por videoconferencia y campus virtual."
Aulacat,https://www.aulacat.cat/,FP,info@aulacat.cat,977 25 27 95,"Tarragona, Cataluña","Centro de formación online en Tarragona, con clases en directo semanales y campus virtual."
